deporte,rendimiento_score
atletismo,6.322747153333977
baloncesto,5.1875511821811635
boxeo,5.51864406779661
ciclismo,5.745496667924053
futbol,5.460437864573937
natacion,5.21724179849585
rugby,5.441327002872646
tenis,5.754626721991702
voleibol,5.6632573437397085
